Potravina;Bílkoviny;Uhlohydráty;Tuky;Energie
;(g/100g);(g/100g);(g/100g);(kcal/100g)
;;;;
ananas;0,49;12,7;0,19;52,9
anglická slanina;10,54;0,08;40,01;402,5
angrešt;1;9,8;0,4;42
arašídy;16,9;23,6;44,2;600,9
artyčoky;2,4;26;0,1;40
avokádo;1,9;5,24;23,5;226,4
bábovka třená;5,5;49,7;16;362,4
bageta;8,97;60,3;2,9;309
banán;1,03;23,43;0,48;92
banán - sušený nebo prášek;3,89;88,28;1,81;346
banány v čokoládě;2;80,4;11,6;409,1
biokys;5,4;7,5;3,5;78
biskupský chlebíček;5,96;46,93;23,64;424
bonboniera - kaštany;5,5;47,2;40,5;570,6
bonboniéra - směs (průměr);5,3;54,4;30,3;508,4
bonboniera - višně v čokoládě;4,2;54,2;30,5;428,2
bonboniera Ferrero Roche;7;49;41;590,7
bonboniera Rafaello;10,3;36;46,3;598,1
bonboniera Tatiana;6,1;53,5;36,1;529,7
bonboniera Toffo originál;0,4;86,8;7,1;374,4
bonbóny - arašídy v cukru;11,2;59,6;19,8;439,2
bonbóny - Bari mandle;1,7;87,6;6,3;378
bonbóny - drops;0;80;0;331,3
bonbóny Bon Pari;0;93,4;0;355,3
bonbóny Festival ovocné;0;95,2;0;339,7
bonbóny Halls;0;93;0;378
bonbóny Hašlerky;0;96,2;0;346,9
bonbóny Italská směs;4,4;68,6;16;420,6
bonbóny Ledovky;1,5;85,6;8,6;393,5
bonbóny Lékorky;1,8;91,6;2,9;369,6
bonbóny Lentilky;3,6;75,9;14,7;446,2
bonbóny Lipo;0;94;0;370,8
bonbóny Medvídci;7,4;70;0;352,9
bonbóny Mentolky;0;96,6;0;343,3
bonbóny Milánská směs;7,3;65,6;19,1;435,4
bonbóny Pralinky rumové;1,9;74,3;8,8;370,6
bonbóny Sisinky;0,6;84,5;6,4;376,8
borůvky;0,79;11,46;0,63;42,4
bramborová kaše;2,53;19,64;2,6;101,3
bramborová moučka;6,6;79;0,6;59,8
bramborový škrob;0,44;83,35;0,11;317,3
brambory pečené;1,2;13,15;0,06;56,7
brambory syrové se slupkou;2,06;17,98;0,1;79
brambory vařené bez slupky;1,33;15,61;0,08;67,08
brambory vařené ve slupce;1,46;15,7;0,08;67,9
brambory (leden až březen);2,5;17,2;0,2;78,2
brambory (říjen až prosinec);2,4;18,6;0,3;83,2
brambory (k jaru);2;12,2;0,2;55
brambory nové;1,9;18,7;0,2;82,1
brokolice;3;5,7;0,4;29
broskev;0,7;11,1;0,09;43
brukev;2,1;6,2;0,2;33
brusinky;1,3;12,4;1,4;61
buchty s mákem;8,8;54,4;16,4;406
buchty s povidly;7;67,2;12,5;415
buchty s tvarohem;11,3;52,9;12,3;372
bujón v kostce (průměr);20;12;15;287,1
býčí žlázy (koule);17,2;0;2,2;88,6
candát;9,15;0,17;0,41;42
cappucino - prášek;3,5;83;9;433
cejn;17,64;0,1;4,16;108,4
celer - nať;0,98;9,1;0,18;42,7
celer bulvový;1,27;7,34;0,25;44,3
cibule;1,16;8,63;0,16;38
cibule - smažená;1,13;6,06;32;310,8
cikánská omáčka - Hamé;0,6;19;0;76,8
cikánská pečeně;21,18;0,1;24,6;292
citron;0,62;9,21;0,45;30,4
citrónová šťáva;0,6;21;0,6;78,2
coca-cola;0;10,5;0;39
corn flakes - kukuřičné;7,15;83,65;0,6;363
cuketa;1,8;3,4;0,4;21
cuketa vařená;2;4;0,4;24
cukr;0;99,5;0;383,3
cukr hroznový - Glukopur;0;96,1;1,4;383,5
cukr třtinový;0;98,97;0;390
cukr vanilkový;0;97,5;0;
černý kořen (Bonduelle);4,2;17,5;0,3;88
červená řepa syrová;1,6;9,6;0,1;41,9
červená řepa ve sladkokyselém nálevu;1;6,7;0,6;35,2
česnek;6,36;33,07;0,5;149
čočka jedlá;25,4;55,75;1,13;346
čočka vařená;7,8;17,17;0,4;90
čokao Vitana;16,3;70,8;5,2;395
čokoláda hořká;4,38;58,56;32,32;542
čokoláda Kofila;4,6;55,8;28,7;471
čokoláda Margot s rozinkami;6,9;73,1;13;406,7
čokoláda Milena;4,5;55,6;33,9;544,3
čokoláda mléčná DIA;9,49;45,44;40,54;522,5
čokoláda mléčná jogurtová;6,4;55,1;31,7;543,8
čokoláda mléčná oříšková;7,33;47,4;37,7;560
čokoláda mléčná s burskými oříšky;10,2;49,7;33;526,3
čokoláda mléčná s lískovými oříšky;7,2;51,5;35,6;543,8
čokoláda mléčná s mandlemi;6,8;52;35,8;539,9
čokoláda Studentská pečeť hořká;6,8;55,5;28;486,6
čokoláda Studentská pečeť mléčná;6,9;55,4;27,7;487,3
dalamánek;7,52;56;1,08;268
dalamánek tmavý;6,4;57,4;0,9;268,4
datle;1,23;45,21;0,3;171,1
datle sušené;1,99;73,28;0,48;320
debrecínská pečeně;20,91;0,1;21,05;273,41
destiláty 38% - průměr;0;0;0;210,3
destiláty 40% - průměr;0;0;0;274,9
divočák - kýta;17,45;0,19;4,7;112,5
dort ovocný;5;42;25,6;442,6
dort s máslovou náplní - průměr;5,9;40;25;382,8
dort Sachr;7,8;48,2;19,5;389,7
dresing Helmans0,3;0,3;7;53;560
droždí;10,6;13;0,4;102,2
droždí pivovarské sušené;45,93;34,03;2,45;346,97
drůbeží játrový nářez;12,29;2,71;29,5;325,7
drůbeží krokety;6,98;19,89;7,71;179
drůbeží roláda;19,49;1,75;8,66;166
dýně - semínka;18,1;13,2;34;452,2
džem borůvkový;0,25;51,1;0,28;199
džem broskvový;0,3;65,9;0,1;251
džem brusinkový;0,3;66,3;0,2;252
džem jahodový;0,53;57,43;0,3;222
džem meruňkový;0,4;65,7;0,1;247
džem švestkový;0,3;66,4;0,1;251
džem třešňový;0,55;55,35;0,25;211
džem višňový;0,45;66,5;0,1;251
džus broskvový;0,22;10,4;0,04;43
džus grapefruitový;0,04;8,9;0,01;33
džus jablečný;0,08;9,6;0,08;39
džus mandarinkový;0,5;10,1;0,2;43
džus meruňkový;0,31;10,4;0,04;43
džus pomerančový;0,65;11;0,19;50
fazole v tomatě - konzerva;5;14;0;74,6
fazole vařené;7,8;21,4;0,5;95
fazolky čerstvé;2,03;6,32;0,26;34,4
fazolky ve slaném nálevu sterilované;1,29;4,11;0,17;14,5
feferony;0,8;3,7;0,1;17,9
feferony nakládané;0,8;6,7;3;56
fíky;1,35;18,13;0,41;68,2
fíky sušené;3,74;67,9;1,28;268
filé smažené;17,3;9,1;13;226,8
filé z tresky;17,69;0,1;0,43;75,9
fruktózový sirup;0;81,7;0;335
garnát;18,6;0;1,4;87,1
gin (45%);0;0;0;249,3
granátové jablko;1,3;11,8;0,2;52,1
grapefruit;0,37;6,86;0,18;22,5
guláš vepřový;3,19;5,6;13,96;161,4
halibut atlantický;18,06;0,1;5,75;119,7
halibut uzený;16,2;0,1;13,5;187
hlíva ústřičná;2,66;4,63;0,83;40,7
horalky;10,1;55;30;533
hořčice;4,48;13,94;6,58;126,6
Hořické trubičky;8,4;73,8;10,5;416,7
Hořické trubičky DIA;8,8;23;52;602,9
houby čerstvé - průměr;2,6;3,8;0,4;26,1
houby sušené - průměr;23,4;41,4;2,7;292,6
houska obyčejná;8,4;60,1;1;286,4
hrách čerstvý;6,36;12,93;0,44;74,8
hrách loupaný (suchý);22,9;62,1;1,4;353,1
hrách vařený;6,7;10,6;0,34;78,9
hrachová moučka;25,7;57,2;1,8;329,2
hrášek ve slaném nálevu sterilovaný;4,24;9,3;0,3;51
hrozinky;2,65;71,32;0,64;279
hroznové víno;0,67;16,93;0,43;72,1
hrušky;0,39;15,11;0,4;59
hřib čerstvý;5,39;4,2;0,4;35,9
hřib sušený;37;38,4;3;322
humr;15,9;0;1,9;95,4
husa domácí pečená, grilovaná (pouze maso);28,97;0;12,67;238
husa domácí syrová (pouze maso);22,75;0;7,13;161
chipsy;5,5;47;39;574,2
chléb arabský;6,1;45,9;0,8;217,7
chléb bramborový;7,86;51,49;10,9;251
chléb celozrnný pšeničný;8,55;46,93;2,02;248
chléb celozrnný pšeničný + žitný;7,55;48,3;1,2;241
chléb celozrnný pšeničný graham;9,08;55,9;2,69;283
chléb celozrnný žitný;7,33;48,7;1,1;238,9
chléb klíčkový VITBE;9,65;47,5;3,15;262
chléb KNAECKEBROT;12,8;65,08;2,65;370
chléb konzumní;8,01;50,16;1,27;249
chléb kukuřičný;5,8;45,7;1,7;226
chléb pšeničný (bílý);8,26;50,77;1,63;238,3
chléb Racio pšeničný;12,73;66,36;1,82;315,3
chléb Racio pšenišný s kmínem;12,73;66,36;1,82;306,7
chléb Racio rýžový;8,18;70,91;1,82;330,6
chléb Racio rýžový se sójou;10;65,45;3,64;345,7
chléb samožitný;7,3;50,6;1,1;246,6
chléb slunečnicový;8,3;46,6;4,6;239,2
chléb toustový světlý;7,8;54,8;3,2;283
chléb toustový tmavý;8,4;53,3;3,6;282,8
chléb výběrový;7,52;51,91;1,09;252,7
chléb výražkový;4,7;56,3;0,8;256,8
chřest;2,28;4,53;0,2;23
chřest sterilizovaný;1,5;2,4;0,1;15,1
jablka sušená (křížaly);1,4;69,8;1,9;272,5
jablko;0,4;12,95;0,41;50,2
jablko čerstvé bez slupky a jader;0,15;14,84;0,31;57
jáhly - loupané proso;10,63;71,15;3,9;360,7
jahody zahradní;0,87;8,73;0,63;31,35
játra hovězí;19,19;4,53;3,96;129,8
játra husí;21,23;0,5;11,95;225,2
játra kachní syrová (domácí kachna);18,74;3,53;4,64;136
játra krůtí syrová;20,02;4,13;3,97;137
játra krůtí vařená;23,97;3,43;5,96;169
játra kuřecí syrová;17,97;3,42;3,86;125
játra kuřecí vařená;24,36;0,88;5,45;157
játra telecí;19,04;3,83;4,67;134,4
játra tresčí v oleji;4,2;1,3;64,44;613
játra vepřová;20,68;1,49;4,79;131,2
játra vepřová dušená;16,16;7,65;11,08;193,2
játrová paštika;19,11;1,1;25,65;311,8
játrová paštika lahůdková;15,17;1,2;28,66;393
játrovka;17,24;1,35;38,92;424,7
játrový nářez drůbeží;12,29;2,71;29,5;325,7
játrový sýr;13,86;1,25;31,25;359
jazyk hovězí;16,05;0,1;13,74;187,3
jazyk hovězí uzený;19,1;0,1;23,9;291
ječné kroupy;9,85;73,25;1,83;359,5
jelítka domácí žemlová;19,68;14,1;31,04;415,5
jeseter ruský;11,1;0,06;7,37;120,3
jeseter v rajčatové omáčce;14,31;3,12;11,7;175,3
jeseter ve vlastní šťávě;15,96;0,6;10,89;166
jitrnice domácí;15,1;13,2;19,12;278
jogurt Actimel (Danone);3;15,1;1,7;88,8
jogurt bílý (3,5% tuku);5,48;8,07;3,64;95
jogurt bílý lehký (Kunín);4,6;3,2;0,1;35,9
jogurt BIO s vlákninou (Danone);3,5;16,2;3,1;107,2
jogurt Danone výběr;3,2;16;3,5;108,1
jogurt Fantasia s ovocem;3,8;15,2;3,1;104,1
jogurt Jogobella (Zott);3,5;14,9;2,7;98,8
jogurt Monte (Zott);2,9;15,9;13,5;195,9
jogurt odtučněný (Kunín);3,8;4,4;0,1;34,5
jogurt Ovocella (Danone);3,4;14,8;2,8;99,3
jogurt ovocný (3,5% tuku);6;15;3,5;115
jogurt ovocný jihočeský;12,5;8,5;2,7;141,1
jogurt Vitalinea ananas (Danone);4,1;7,4;0,1;51,2
jogurt Vitalinea bílé pohlazení (Danone);4,6;6,2;0,1;45
jogurt Vitalinea musli (Danone);4,3;8,6;0,4;56,5
jogurtový nápoj Vitalinea;3,3;5,5;0,1;36,1
jovokoktejl;3,8;12;3;90
jovomix;5,5;15,6;3,5;115,6
kabanos;13,53;1,9;27,85;295
kabanos drůbeží;15,6;2,4;25,37;300,5
kadeřávek;4,2;6;0,3;49,8
kakao - Granko;4,7;85,1;3,5;376,8
kakao - prášek;18,93;43,53;21,34;446
kandované ovoce;0,3;69,5;0,3;264,5
kapary;26;47,2;4,28;293
kapr;17,13;0,1;5,96;113,5
kapr syrový;17,83;0;5,6;127
kapusta hlávková;2,53;5,45;0,43;39,5
kapusta kadeřavá;3,2;14;0,9;69,7
kapusta růžičková;4,32;6,28;0,45;50,44
karbanátky;10,73;18,43;9,3;202,15
kari;9,5;26,1;10,8;237,1
kaše banánová - Sunarka;14,9;68,2;10;406,7
kaše jogurt, ovoce - Milupka;14,3;63,8;13,8;439,7
kaše krupicová;5,2;19,7;8,7;176,1
kaše müsli s jablky - Sunarka;13,6;69,1;8,7;413,4
kaše ovesná - Sunarka;14,5;67,1;10,6;425,6
kaše rýžová - Sunarka;7,7;86,1;1,7;396,7
kaše rýžová Nestle;15,5;69,1;9;418,7
kaše rýžová s kukuřicí - Sunarka;16,7;61,1;14,4;443,8
kaštany jedlé pečené;3,2;52,9;2,2;216
kečup;1,75;24,75;0,45;110
kedlubna;1,92;5,36;0,18;29
kefír;3,3;1,7;3,6;52,2
kiwi;1;13,85;0,63;57
klíčky pšeničné;26,58;44,68;10,95;391,5
klikve;0,4;9,7;0,7;38
klobása - Klaso;24;14;8;218
klobása - průměr;17,4;1,9;26,7;310,8
klobása bílá;11,08;7,2;14,02;200
klobása čabajská;22,9;0,3;48,4;523,4
klobása dunajská;21,6;0,1;40,61;452,2
klobása dunajská;21,6;0,1;40,61;452,2
klobása vinná;17,3;4,6;25,45;317,1
Knackebrot;11;78;1,8;382,8
knedlík kynutý (houskový);7,15;48,97;2,61;241,9
knedlíky ovocné z bramborového těsta;3,56;29,4;3,51;153,7
koblihy;6,5;53,5;17;386,4
kokos mletý (strouhaný);7,68;17,25;67,9;693,3
koláč křehký s jablky;2,6;32,42;8,06;205,7
koláč máslový s makovou náplní;7,6;54,6;15,7;393
koláč máslový s tvarohovou náplní;10,21;50,79;9,82;337
koláč tvarohový;12;31;6;220,1
koláčky linecké;4,67;64,33;22;313,4
kompot ananasový;0,37;21,13;0,13;81
kompot borůvkový;0,43;19,4;0,35;83
kompot broskvový;0,46;19,97;0,1;75
kompot brusinkový;0,32;38,9;0,48;168
kompot hroznový;0,39;19;0,15;79
kompot hruškový;0,21;20,29;0,14;78
kompot jablečný;0,2;21,15;0,15;85
kompot jahodový;0,57;21,06;0,17;78
kompot mandarinkový;0,39;16,61;0,13;67
kompot meruňkový;0,47;24,1;0,1;80
kompot švestkový;0,43;20,69;0,1;76,2
kompot třešňový;0,46;18;0,17;67,7
kompot višňový;0,57;20,01;0,23;69,9
koňak (40%);0;2;0;221,3
kopr čerstvý;2,4;7,8;0,2;39
kopr sušený;13;70,5;1;328
korpus piškotový vaječný;11;71,25;9,58;397
králík divoký - dušené maso;28,07;0;3,5;173
králík divoký - syrové maso;21,79;0;2,32;114
králík domácí - grilované maso;29,06;0;8,05;197
králík domácí - syrové maso;20,05;0;5,55;136
králík domácí - vařené, dušené maso;30,38;0;8,41;206
kroupy ječné;9,9;75,3;1,8;357,9
kroupy, krupky;8,2;78,8;1;362,7
krupice pohanková;9,6;73,6;1,6;349,5
krupice pšeničná;10,3;78;1,2;369,8
krůta uzená;18,36;1,66;6,21;141
krůtí drůbky syrové;19,36;2,09;4,2;129
krůtí maso bílé grilované;29,9;0;3,22;157
krůtí maso bílé grilované (mladá slepička);29,89;0;3,74;161
krůtí maso bílé grilované (mladý kohout);29,88;0;2,2;154
krůtí maso bílé syrové;23,56;0;1,56;115
krůtí maso bílé syrové (mladá slepička);23,64;0;1,66;116
krůtí maso bílé syrové (mladý kohout);23,43;0;1,57;114
krůtí maso grilované;29,32;0;4,97;170
krůtí maso syrové;21,77;0;2,86;119
krůtí maso tmavé grilované;28,57;0;7,22;187
krůtí maso tmavé syrové;20,07;0;4,38;125
krůtí prsíčka syrová;22,5;0;1,58;110
krůtí srdce syrové;18,05;0,65;6,99;143
krůtí srdce vařené;26,76;2,05;6,1;177
krůtí tmavé maso grilované (mladá slepička);28,42;0;7,79;192
krůtí tmavé maso grilované (mladý kohout);29,25;0;5,51;175
krůtí tmavé maso syrové (mladá slepička);20,07;0;4,88;130
krůtí tmavé maso syrové (mladý kohout);21,76;0;3,18;122
křen Krenex;1,5;18,1;13,1;192,3
křen syrový;3,9;22,4;0,5;105,3
kukuřice cukrová;3,73;19,77;2,34;104,8
kukuřice sterilizovaná;8,9;44,7;3;244,7
kukuřice syrová;2,9;2;0,4;23
kukuřičné vločky;8,07;81,95;0,97;378,3
kuře dušené (pouze maso);27,29;0;6,71;177
kuře grilované (pouze maso);28,93;0;7,41;190
kuře pečené;13,13;1,67;9,3;142,6
kuře smažené (pouze maso);30,57;1,69;9,12;219
kuře syrové (pouze maso);21,39;0;3,08;119
kuřecí drůbky syrové;17,88;1,8;4,47;124
kuřecí drůbky vařené;25,85;0,95;4,77;157
kuřecí křídlo syrové (pouze maso);21,97;0;3,54;126
kuřecí maso bílé syrové;23,2;0;1,65;114
kuřecí maso tmavé grilované;27,37;0;9,73;205
kuřecí maso tmavé syrové;20,08;0;4,31;125
kuřecí prsíčka syrová (pouze maso);23,09;0;1,24;110
kuřecí prsíčka vařená, dušená (pouze maso);28,98;0;3,03;151
kuřecí půlky bez kůže;17,99;0,1;11,01;171,4
kuřecí půlky s kůží;17,57;0,1;13,14;188,9
kuřecí srdce syrové;15,55;0,71;9,33;153
kuřecí srdce vařené;26,41;0,1;7,92;185
kuřecí stehno syrové (pouze maso);20,59;0;3,42;119
kuřecí stehno vařené, dušené (pouze maso);27,5;0;5,71;169
květák;1,98;5,2;0,21;25
květák;2,46;4,84;0,28;28
květák sterilizovaný;1,3;2,9;0,1;16
květák vařený;2;3,77;0,28;25
kypřící prášek do pečiva;0,2;19,9;0;79,9
kýta skopová;13,43;0,16;12,09;166,5
langusta;17,2;1,3;1,1;84
lečo s moravskou klobásou - konzerva;6,4;8,5;11,5;162,9
ledvina hovězí;15,61;0,52;6,46;117,1
ledvina telecí;16,07;0,72;6,29;129,8
ledvina vepřová;15,31;0,55;4,5;104
ledvina vepřová dušená;28,56;0;9,12;204
ledvina vepřová grilovaná;28,57;0;9,79;210
ledvina vepřová syrová;19,74;0;12,58;198
ledviny - průměr;15,46;0,54;5,48;114,1
liči;0,9;16;0,5;71
likér 18% - průměr;0;24;0;195,2
likér 24% - průměr;0;29,4;0;254,5
likér 30% - průměr;0;35,1;0;307,7
likér vaječný;0;20;0;285,2
lilek;1,14;4,45;0,23;27,8
limetka;0,4;10,6;0;40
lín;17,5;0,1;0,4;78,2
lněná semínka;22;13;40;485,4
losos obecný;20,29;0,1;11,29;212,4
losos uzený;22,07;0,1;9,13;170,9
losos v oleji;22,2;0;32,7;378,7
losos ve vlastní šťávě;20,76;0,51;4,68;127,2
lososová drť;8,36;0,16;51,47;503,73
loupák s ořechovou náplní;7;56;15,8;389,7
loupák sladký;7,3;55,5;15,7;389,7
loupák slaný;7,3;52,3;16,6;388,5
luncheon meat;12,96;4,83;26,59;307
luncheon meat drůbeží;14,28;7,14;9,82;156
luncheon meat kuřecí;12;6,9;17,8;236,5
maďarský perkelt - konzerva;7;3,2;8,2;114,6
maizena;0,9;80,4;0,1;317,2
majolka;2,04;1,11;83,55;764,1
majonéza - průměr;1,7;2,7;71,2;648,1
majonéza light;0,7;3;50,7;459,3
mák;19,85;22,45;46,67;541,9
makovec;7,35;50;11,3;332,2
makrela obecná;11,37;0,06;6,57;104,8
makrela pečenáč;16;3,5;14;220,1
makrela syrová (Atlantický oceán);18,59;0;13,89;205
makrela syrová (Španělsko);19,28;0;6,29;139
makrela syrová (Tichý oceán);20,07;0;7,89;158
makrela uzená;14,21;0,07;10,82;182,2
makrela v aspiku;13,3;1,5;6,9;123
makrela v rajčatové omáčce;14,25;3;7,35;135
makrela ve vlastní šťávě;15,2;0,1;14,9;199
Malcao - nápoj;2,6;8,93;0,4;50,5
maliny;1,14;12,84;0,86;30,5
mandarinka;0,76;9,39;0,3;43,5
mandle;20,95;14,4;54,67;635,7
mandle v čokoládě;12,19;42,7;38,08;520,6
mango;0,6;16,45;0,45;62
maracuja;0,6;9;0;39
marmeláda - směs;0,4;51,7;0,2;217,7
marmeláda borůvková;0,28;63,35;0,25;241
marmeláda jahodová;0,49;63,5;0,27;240
marmeláda malinová;0,4;60,3;0,3;229,9
marmeláda meruňková;0,42;63,8;0,1;246
marmeláda rybízová;0,4;59,7;0,2;230,6
marmeláda višňová;0,56;63,87;0,22;243
máslo čerstvé;0,7;0,52;82,58;734
máslo nízkokalorické;2,7;1,7;53,5;512
máslo pomazánkové;3,8;6,2;35;355
máslo rostlinné Alfa;0;0;60;531,1
máslo rostlinné Diana;0;0;40;354,1
máslo rostlinné Flora;0,1;0,3;70;629,2
máslo rostlinné Flora light;0;0;40;354,1
máslo rostlinné Linco light;0;0;40;354,1
máslo rostlinné Perla;0;0;40;354,1
máslo rostlinné Perla Tip;0;0;25;221,3
máslo rostlinné Rama máslová;0,1;0,3;75;669,9
máslo výběrové;0,68;0,45;82,9;745,3
máslo Zlatá Haná;0;0;77;681,8
maso - bažant;14,76;0,26;1,6;74,07
maso - bažant;11,7;0,2;1,4;59,8
maso - bažantí hruď;18,6;0,19;1,95;90,38
maso - bažantí stehno;17,76;0,22;1,89;88,69
maso - cikánská pečeně;19,2;0,1;22,1;278,5
maso - debrecínská pečeně;19,7;0,1;19,8;257,4
maso - holub;12,4;0,3;0;56,5
maso - holub;12,4;0,3;0,6;56,5
maso - jelen;20,6;0;3,3;112,2
maso - kachna divoká;22,7;0,5;3,1;122,2
maso - koroptev;23;0,5;1,1;117,2
maso drůbeží - drůbky;22,5;0;3,2;124,6
maso hovězí - bok;19,12;0,15;0,6;180
maso hovězí - držky;15,5;0;1,7;80,6
maso hovězí - jazyk;16,4;0,4;16,6;220,3
maso hovězí - jazyk uzený;19,1;0;23,9;296,2
maso hovězí - kližka;13,6;0;5,9;107,7
maso hovězí - konzerva;16,6;0,1;10,3;159,8
maso hovězí - krk;20,9;0;5,3;133
maso hovězí - kýta;20,6;0;4,5;128
maso hovězí - ledvinky;15;0,9;8,1;139,2
maso hovězí - mozek;10,4;0,8;8,5;121,3
maso hovězí - plec;13,5;0;7,5;122,2
maso hovězí - plec dušená;24,55;0,1;7,7;167,9
maso hovězí - plec pečená;31,4;0,1;10,5;216,5
maso hovězí - plíce;17,1;0,6;3,1;97,1
maso hovězí - přední;12,5;0;13;165,3
maso hovězí - roštěnka;28,8;0,1;13,9;240,7
maso hovězí - svíčková;20,63;0,29;7,6;148,8
maso hovězí - svíčková pečeně;25,86;0,1;17,61;262,3
maso hovězí - tučné;16,3;0;28;320,8
maso hovězí - ve vlastní šťávě;18,94;0,1;11,76;165
maso hovězí - zadní;15;0;9,8;147,6
maso hovězí - žebra;19,3;0;14,8;184,7
maso hovězí dušené;14,97;6,58;20,81;271,7
maso hovězí libové;20,71;0,5;5,95;132,56
maso hovězí pečené;19,99;0,24;9,93;170,3
maso hovězí přední vařené;26,28;0,19;4,99;150,8
maso hovězí vařené;23,39;0,35;7,42;161,9
maso hovězí zadní dušené;11,72;0,2;6,7;108
maso hovězí zadní pečené;13,35;0,1;7,25;119,1
maso hovězí zadní vařené;32,46;0,2;2,14;150
maso husí;10,71;0,15;25,15;278,7
maso husí - prsa pečená;26,53;0,09;19,08;278,2
maso husí - stehno pečené;20,35;0,09;21,98;279,6
maso husí pečené;17,18;0,09;41,24;410,7
maso jehněčí - průměr;10,92;0,06;12,09;199,4
maso kachna domácí - syrové maso;18,28;0;5,95;132
maso kachna domácí grilovaná (pouze maso);23,48;0;11,2;201
maso kachní pečené;15,33;0,09;39,06;413,1
maso kachní prsa pečená;20,82;0,08;20,52;268,3
maso kachní prsíčka syrová (divoká kachna);19,85;0;4,25;123
maso koňské - průměr;21,23;0,65;6,89;115
maso kozí;13;0,1;4,9;97,1
maso králičí - průměr;14,9;0,2;6,94;123,5
maso krkovička uzená;15,66;0,09;36,54;391,5
maso krkovička uzená vařená;4,71;0,09;57,85;573,3
maso krůtí;15,58;0,2;5,52;98,8
maso krůtí - prsa syrová bez kůže;20,88;0,21;0,28;86,9
maso kuřecí - prsa bez kůže dušená;29;0;3;119,1
maso kuřecí - prsa syrová;20,04;0,32;0,8;87,6
maso kuřecí - stehno - syrové maso bez kůže;20,1;0;3,8;120,1
maso kuřecí - stehno - syrové maso s kůží;18,1;0;12,1;187,1
maso kuřecí - stehno grilované (pouze maso);28,29;0;5,66;172
maso kuřecí bez kůže syrové;21,4;0;3,1;119,1
maso kuřecí s kůží syrové;18,6;0;15;215,3
maso kuřecí tmavé vařené, dušené;25,97;0;8,98;192
maso mleté (hovězí + vepřové);10,4;0,2;24;262,7
maso skopové výsekové;10,17;0,19;14,2;193,2
maso srnčí - stehno;17,64;0,28;1,17;83,6
maso telecí - hruď;14,34;0,1;12,28;168,3
maso telecí - hruď dušená;9,72;0,1;10,24;131,4
maso telecí - plec;13,89;0,14;5,92;112,2
maso telecí - stehno;19,77;0,34;5,75;107,1
maso telecí - svíčková;19,38;0,3;7,98;150,5
maso uzené moravské;25,5;0;26,7;350,5
maso vepřové - bok pečený;13,01;0,09;61,74;607,9
maso vepřové - koleno;17,42;0,1;25,85;302,7
maso vepřové - krkovička;13,07;0,17;21,22;245
maso vepřové - krkovička dušená;15,3;0,09;22,61;265
maso vepřové - krkovička pečená;17,94;0,09;30,94;350,6
maso vepřové - plec pečená;17,7;0,08;8,16;144,6
maso vepřové libové;17,75;0,071;17,72;238,1
maso vepřové pečené;17,61;1,53;51,88;543,5
maso vepřové tučné;11,28;0,26;45,05;475
maso vepřové ve vlastní šťávě;14,68;0,1;29,16;310
maso vepřové výsekové;12,25;0,17;26,71;299
matesy v oleji;17,6;0;22,6;256,4
mečoun;19,4;0;4,4;117,2
med včelí;0,27;81,7;0,04;324,4
melasa;4,12;60,8;1;274,8
meloun (vodní);0,62;7,18;0,43;32
meloun cukrový;0,47;5,15;0,07;23,4
meloun vodní;0,37;3,47;0,1;14,29
meruňka;1,4;11,2;0,39;48
meruňky;0,85;11,96;0,24;48,6
meruňky sušené;4,6;67,19;0,53;265
mirabelky;0,7;12,8;0,2;53,1
mléčná rýže caramel (Müller);3,4;19,7;2,4;119,6
mléčná rýže čokoládová (Danone);2,9;22,9;2,6;127,7
mléčná rýže jablko (Müller);3,5;19,5;2,4;116
mléčná rýže jahoda (Danone);2,9;22,9;2,6;127,8
mléčná rýže jahoda (Müller);3,4;20;2,3;117
mléčná rýže light jablko (Müller);3,5;11,9;0,9;69,4
mléčná rýže light jahoda (Müller);3,5;12,2;0,9;70,8
mléčná rýže light malina (Müller);3,9;11,9;0,9;69,6
mléčná rýže malina (Müller);3,4;20;2,3;117
mléčná rýže skořice (Müller);3,5;20;2,4;117
mléčná rýže vanilka (Danone);3,3;20,6;2,6;120,3
mléko – 2% tuku;3,33;4,8;1,92;50
mléko acidofilní;3,4;4,3;3,55;59
mléko kefírové;3,52;3,97;2,09;47
mléko kobylí;2,2;6,2;1,5;47,1
mléko kozí ;3,76;5,24;4,59;75,3
mléko mateřské;1,2;7,1;3,7;67
mléko nízkotučné - 0,5% tuku;3,2;4,6;0,5;35,9
mléko odtučněné;3,38;4,88;0,06;33
mléko odtučněné sušené;35,12;51,98;0,77;349
mléko ovčí;6,08;5;7,45;97,7
mléko plnotučné;3,1;4,75;3,4;61,7
mléko plnotučné sušené;26,58;37,73;26,84;494
mléko polotučné;3,27;4,68;1,97;50
mléko polotučné sušené;31,15;45,6;13,35;430
mléko sójové;2,9;3,9;1,9;44
mléko trvanlivé plnotučné;3,08;4,8;3,18;59
mléko zahuštěné neslazené;7,2;10,33;8,14;143
mléko zahuštěné neslazené TATRA;8,4;12;9,1;162,4
mléko zahuštěné slazené;8,83;54,78;9,15;333
moruše;1,3;8,1;0;36,4
mořský rak;15;0;0,5;65,1
mošt jablečný;0,13;10,7;0,21;45
mouka bezlepková;6;77,6;4;357,7
mouka bramborová;5,4;76,35;0,29;324,7
mouka celozrnná graham;15,5;66,3;2,2;348,6
mouka chlebová;15,3;67,5;1,9;349,5
mouka ječná;9,98;75,6;1,68;311,2
mouka kukuřičná;3,4;20,7;1,2;108,1
mouka pohanková;8,24;75,31;1,74;353,3
mouka pšeničná celozrnná;11,55;71,03;2,09;354,1
mouka pšeničná hladká;11,29;73,06;1,53;358,9
mouka pšeničná hrubá;9,81;75,03;1,21;357,9
mouka pšeničná instantní;10,4;79,89;1,29;380,3
mouka pšeničná polohrubá;8,8;73,5;1;342,6
mouka rýžová;7,3;79,15;0,68;359,2
mouka sójová odtučněná;49,06;33,64;0,8;331,9
mouka sójová plnotučná;44,56;23,75;20,83;440,5
mouka sójová polotučná;42,5;37,2;6,5;264,4
mouka triticale ;11,4;72,6;1,1;353,2
mouka žitná bílá;7,06;77;1,11;353,3
mouka žitná T 1300;7,6;76,9;1,2;353,6
mouka žitná T 1700;14,9;69,7;1,8;344,5
mouka žitná T 930;6,5;78,5;1,1;355,5
mrkev;1;10;0;43
mrkev čerstvá;1,02;7,34;0;42,5
mrkev sterilizovaná;0,6;6;0,1;27
müsli ochucené - průměr;9,9;64,5;9,1;369,4
nektarinky;1,2;8;0,1;36,4
Nesquick - čokoládový nápoj (prášek);4,2;79;2,7;362,2
nudle rýžové suché;3,44;83,24;0,56;364
nudle rýžové vařené;1,6;43,82;0,35;191,8
nudle s tvarohem;6,46;22,29;4,26;152,9
nudle vaječné suché;14,02;71,1;4,21;381
nudle vaječné vařené;4,75;24,84;1,47;133
Nugeta oříšková;5,8;60,4;28,7;507,9
ocet;0;3,5;0;41,1
ocet vinný;0,2;5,9;0;22,5
okoun;19;0,1;0,8;88
okurka;0,69;2,76;0,13;13
okurka čerstvá;1,04;2,28;0,15;14,4
okurka salátová;0,7;2,6;0,2;16
okurkový salát;0,99;5,22;0,14;26
okurky DIA sterilizované;0,4;2,1;0;10
okurky rychlokvašené;0,7;1,9;0,2;11
okurky sterilizované;0,62;6;0,1;22
olej jedlý HELIOL;0,1;0,1;99,7;898
olej jedlý MAJA;0,05;0,05;99,6;885
olej jedlý VEGETOL;0,1;0,1;99,6;897
olej jedlý VITOL;0,08;0,1;99,6;896,9
olej kokosový;0;0;99;895,7
olej olivový;0,1;0,2;99,5;880
olej palmový;0,1;0,001;99,7;897,9
olej řepkový;0;0;99,6;898,6
olej slunečnicový;0;0;99,8;882,5
olej sójový;0,1;0,1;99,65;885
olej z vlašských ořechů;0,1;0,1;99,7;898
olivy;0,8;0;11;101
omáčka sójová;7,5;6,52;0,08;55
omáčka tatarská;1,66;0,53;52,13;478
omáčka tatarská;1,66;0,53;52,13;478
ořechy burské pražené;26,5;19;46,6;603,3
ořechy kešu;15,8;25,97;46,3;580,6
ořechy kokosové čerstvé;4;11;36;366
ořechy lískové;17,61;10,35;63,23;664,5
ořechy lískové pražené;15,46;11,8;65,8;702,4
ořechy para;15,14;7,73;67,77;630,4
ořechy piniové;14;4;68,6;679,4
ořechy pistáciové;20,4;17,1;54,7;635,9
ořechy vlašské;18,46;14,59;60,41;664,5
ostružiny;1,2;12;0,8;47,8
ovoce sušené - směs;2,3;68,1;0,4;274,4
papaja;0,5;0,9;0,1;14,1
paprika;1,09;4,59;0,46;25,8
paprika čili pálivá;2;9,46;0,2;40
paprika sladká;0,89;6,43;0,18;27
paprika sterilizovaná ve sladkokyselém nálevu;0,8;6,7;3;56
párky - špekáčky;9,8;1,8;27,1;290,4
párky debrecínské;15,2;2,2;23,98;249
párky drůbeží;26;0;27;365,5
párky drůbeží lahůdkové;13,91;1,51;19,15;249
párky frankfurtské;11,29;2,47;29,29;318,8
párky hanácké;15,2;1,51;28,98;327,8
párky jemné;12,92;1,09;26,8;303
párky krůtí;14,28;1,49;17,7;226
párky lahůdkové - loupací;13,16;1,2;24,52;288
párky obyčejné (liberky);14,1;2,1;16,7;220,3
párky pražské;13,8;2,1;15,4;216,3
párky vídeňské;13,15;0;21,08;242,3
pastinák;1,6;14,9;0,4;54,1
paštika bůčková;11;1;25;519,8
paštika Čertovská směs na topinky;10;6;19;223,2
paštika drůbeží;19,05;1,11;22,71;285,1
paštika drůbeží jemná;14,21;0,83;30,56;325
paštika játrová lahůdková;15,17;1,2;28,66;393
paštika Junák;9;1;18;200
paštika z husích jater;11,4;4,67;43,84;459,3
paštika z kuřecích jater;13,45;6,55;13,1;201
paštika z lososa;10;5;20;221
paštika z uzeného masa;11;2;32;377,8
patizon;2,3;10,2;0,3;50
pažitka;3,3;8,1;0,7;51,2
pečivo čajové slané;8;47;38;554,8
pepř;8,8;68;6,5;309,1
perník na strouhání;6,4;65;0,8;270,3
perník plněný v čokoládě;5,9;76,6;10,2;416,3
perník s cukrovou polevou;5,4;81,7;0,7;350,5
perník švestkový;6,91;59,84;13,88;392,8
petržel - kořen;2,9;12,2;0,6;63,1
petržel - nať;3,7;9;1;58,1
petržel - nať sušená;20,7;61,2;5,6;351,9
pistácie;20,35;17,11;54,63;646
pistácie pražené;14,93;27,55;52,82;651,6
piškoty dětské kulaté;10,42;75,8;5,15;397,5
pivo světlé 10% 3,9% obj.;0,29;3,7;0,22;33
pivo světlé 10% 5% obj. DIA;0,3;2,5;0,22;40
pivo světlé 12% 4,5% obj.;0,48;4,24;0,32;44
pivo tmavé 10% 3,7% obj.;0,32;3,93;0,23;33
pivo tmavé 12% 4% obj.;0,43;4,8;0,25;45
pivo tmavé 13% 4,4% obj.;0,5;6;0,25;52,1
pizza - prášek;6,9;73,2;1,7;330,1
platýz velký;17,1;0;1,9;86,1
plec skopová;10,21;0,08;22,91;252
plíce vepřové;14,28;0,2;3,31;99,3
podmáslí;3,45;4,38;0,65;36
pohanka;11;60;3;353,6
pohankové krupky;7,5;72,6;1,5;329,2
poleva cukrářská čokoládová;6,4;51,7;39,3;595,7
polévka čínská instatntní - průměr;9,61;57,1;24,2;291
polévka hovězí - Vitana;13,9;29,9;32,7;470,1
polévka instantní hrášková (Vitana);15;56;11;422,7
polévka instantní nudlová (BRAVO - bal. 60g.);10,8;63,1;17,3;450
polévka instantní nudlová hovězí (Clever - bal. 60g);10,8;63,1;17,3;450
polévka instantní zelná (Vitana);14;51;5;400
polévka žampionová (Knorr);10;50,67;12,7;346,2
pomazánka bůčková;11,42;0,1;36,87;377,8
pomeranč;0,94;11,75;0,12;47
pórek;2,25;7,74;0,3;41,9
potočnice;0,3;0,4;1;22,5
povidla švestková;1,4;59,13;0,4;229
Pribináček;7,4;16,8;17;243,3
proso loupané - jáhly;10,63;71,15;3,9;360,7
protlak jahodový;0,76;6,38;0,5;35
protlak rajčatový sterilizovaný;2,45;23,71;0,5;106
přesnídávka broskvová;0,47;17,63;0,32;68,7
přesnídávka DIA jablečná;0,26;13,95;0,37;52,9
přesnídávka DIA jahodová;0,37;13,47;0,37;49
přesnídávka DIA meruňková;0,37;13,47;0,26;52,4
přesnídávka hrušková;0,42;13,42;0,42;50,7
přesnídávka jablečná;0,32;18,37;0,42;71
přesnídávka meruňková;0,32;18,21;0,21;76,3
pstruh;11,88;0,07;2,74;38,6
pšeničné klíčky;28;32;10;373,2
pudink kakaový sušený;12,19;70,21;10,26;418,3
pudinkový prášek - kakaový;2,02;82,73;1,99;352,7
rajčatová šťáva;0,82;3,98;0,13;20
rajče;0,98;4,13;0,25;22,5
rajče červené;0,82;4,65;0,35;21
rajče oranžové;1,16;3,18;0,19;16
rajče zelené;1,2;5,09;0,2;24
rajče žluté;0,98;2,98;0,26;15
rajský protlak;20,9;20,36;0,45;90
rak;15;0;0,5;65,1
rakytník;1,2;5;3,9;50,2
reveň;1,3;3,6;0,1;20,1
rohlík bílý;9,78;57,47;3,68;308
rohlík celozrnný;9;54,7;2,9;286
rohlík grahamový;9,79;58,55;4,82;297
rohlík mléčný bílý slaný;9,23;61,8;4,61;331
rohlík tmavý;10,15;54,3;3,3;261,5
rohlík tukový;8,3;59,9;2,9;302,4
rohlík vodový;8,4;60,1;1;286,4
rozinky;2,3;71,2;0,5;268,2
rum bílý (37,5%);0;0;0;207,2
rum hnědý (40%);0;0;0;221,3
ruské vejce;6,3;5,65;21;235,9
ryba - candát;18,4;0,1;0,3;81,1
ryba - halibut;15,5;0;1,1;72
ryba - hejk;17,2;0;2,5;91,1
ryba - herink;8,2;0;17;236,1
ryba - kapr;16;0;4,2;106
ryba - losos;25,3;0,2;15,2;203,3
ryba - losos uzený;28,5;0;19,4;315,3
ryba - makrela;18,8;0,1;11,6;180
ryba - makrela uzená;21,4;0,1;16,3;233,2
ryba - mečoun;19,4;0;4,4;117,2
ryba - pečenáč;11,1;0;7,9;115,1
ryba - platýz velký;17,1;0;1,9;86,1
ryba - pstruh;18,5;0,1;3;98,1
ryba - sleď;18,5;0,1;14;209,1
ryba - sumec;15,3;0;11,3;163,1
ryba - štika;18,8;0,1;0,7;86,1
ryba - treska - file;16,5;0,1;0,4;74,2
ryba - tuňák;21,5;0;15,5;226,3
ryba - úhoř;18,6;0,1;24,5;298,3
ryba - zavináč;11,3;5,5;11,9;175,4
rybí konzerva Kambala v rajčatové omáčce;13,7;4,8;6,3;134,2
rybí konzerva losos v oleji;22;0;32,7;378,7
rybí konzerva makrela v rajčatové omáčce;13,7;4,8;6,3;134,7
rybí konzerva sardinky v rajčatové omáčce;12,5;4,3;6,1;122,5
rybí konzerva šproty v oleji;17,4;0;32,4;365,1
rybí konzerva tresčí játra;4,2;1,3;63,5;594,5
rybí konzerva v rajčatové omáčce;14,53;2,78;8,61;147
rybičky v oleji a ve vlastní šťávě;14,93;1,93;14,08;194,4
rybíz černý;1,4;15,38;0,41;63
rybíz červený (nebo bílý);1,4;13,8;0,2;56
ryngle;0,8;16,5;0,2;64,1
rýže bílá dlouhozrná syrová;7,13;79,95;0,66;365
rýže bílá dlouhozrná vařená;2,69;28,17;0,28;130
rýže bílá krátkozrná syrová;6,5;79,15;0,52;358
rýže bílá krátkozrná vařená;2,36;28,73;0,19;130
rýže divoká syrová;14,73;74,9;1,08;357
rýže divoká vařená;3,99;21,3;0,34;101
rýže dušená;4,43;38,49;0,19;183,2
rýže hnědá dlouhozrná syrová;7,94;77,23;2,92;370
rýže hnědá dlouhozrná vařená;2,58;22,95;0,9;111
rýže loupaná suchá;8,77;76,49;0,44;349,6
rýže neloupaná (Natural);7,1;76,8;1,9;323
rýžový nákyp;3,43;25,11;3,4;142,8
ředkev;1,49;6,88;0,12;27,9
ředkvička;1,14;3,91;0,14;17,5
řepa červená;1,8;10,6;0,1;48,1
řízek vepřový smažený;19,5;23,5;36,4;504,5
sádlo husí;1,1;0,1;83,7;757
sádlo škvařené - průměr;0,3;0;81;736,8
salám berlínský;16;1,6;38,3;415,2
salám boloňský;12,89;1,82;25,5;288,5
salám brněnský;13,45;0,1;26,57;295
salám český;12,5;2,1;23,5;337,3
salám drůbeží;18,3;1,27;8,89;162
salám drůbeží točený;14,34;1,07;25,1;287
salám gothajský;10,81;0,1;37,98;434
salám jemný;11,83;0,1;23,98;263
salám jemný z kuřecího masa;20,16;1,55;17,59;185
salám Junior;13,2;0;24,3;272
salám kabanos;14,8;2,1;14,8;205,3
salám koňský;14,7;3,4;6,1;127,7
salám krůtí měkký;17,19;0,72;12,76;196
salám lovecký;27,45;0,2;35,36;451
salám měkký;14,31;2,37;20,11;247,9
salám metský;17,6;0,1;31,1;358,6
salám paprikový;16,4;0,2;34,2;376,6
salám pařížský;10,68;0,2;30,12;310
salám Poličan;26,89;0,2;36,88;440,2
salám pražský;12,8;2,1;21;258,4
salám šunkový;17,97;0,1;14,58;203,5
salám točený;14,5;2,1;18,6;230,1
salám turistický trvanlivý;19,44;0,1;36,69;407
salám uherský;23,3;0;41;463,1
salám Vysočina;18,1;0;40;434
salát bramborový;2,6;15,6;1,9;87,6
salát bramborový s majonézou;1,9;12;17,5;211,2
salát čočkový;6,4;17,2;7,9;161,7
salát Hanácký;1,4;13,5;10,2;148,8
salát hlávkový;1,33;2,51;0,28;16,8
salát krabí;12;1,2;18,6;220,3
salát ledový;0,7;1,9;0,3;12,7
salát okurkový;0,99;5,22;0,14;26
salát pochoutkový;8,1;2,3;33,4;339,5
salát polníček;1,8;1,4;0,3;16,3
salát rybí s majonézou;21,3;0;22,2;285,4
salát slanečkový;7,7;11,2;6,1;130,1
salát sojový s majonézou;10,3;7,5;22,8;276,6
salát sýrový Holandský;22,5;0,9;7,5;131,6
salát vajíčkový;5,1;5,5;17,6;198,3
salát vlašský;4,82;11,74;10,38;153,5
sardelová pasta;6,54;0,06;23,88;241
sardinka obecná;19,71;0,1;11,01;130
sardinky ruské;17,49;4,5;4,91;161
sardinky v oleji;22,58;1,23;18,71;252
sekaná domácí;17,53;6,25;18,98;266,6
sekaná drůbeží domácí;10,89;9,7;25,36;311,2
semínka lněná;22;13;40;485,4
semínka slunečnicová;27;15;49;582,5
sepie;13,3;0;0,8;68,2
sezamová semínka;21,97;14,9;53,23;616
sherry suché;0,2;0,2;0;81,6
slanina anglická;10,54;0,08;40,01;402,46
slanina vepřová;3,5;0,1;84,37;773,56
sleď baltický marinovaný;15,78;0,18;9,54;146,7
sleď obyčejný;11,68;0,07;8,26;12,7
sleď v rajčatové omáčce;16,2;0,5;12,5;180
sleď - uzenáč;22,2;0;12,9;211
sleď - zavináč;19,8;0;14,8;217,5
slepice syrová (Guinejská) - pouze maso;20,64;0;2,47;110
slezina;16,9;1;4;111,2
slivovice 40%;0;0;0;221,3
slunečnice - semena;22,47;18,63;49;605
smetana 33% - (šlehačka);2,16;3,31;33,7;325
smetana 6% tuku (do kávy);3,5;4,5;6;86
smetana konzumní (12% tuku);3,1;4,2;12;137
smetana pochoutková (16% tuku);2,91;4;16;171
smetana šlehačka light;2,5;8;17,8;200,7
smetana zakysaná 11%;2,9;4,2;11;127
smetana zakysaná 15%;2,5;4,5;15;164,3
sójová omáčka;7,5;6,52;0,08;55
sójové boby;34;30,8;18,3;406,7
sójové boby vařené;11;10,8;5,7;139
sójové klíčky;1,5;1,7;0,1;12,9
sójové maso neochucené;45;20;2;282,1
sójové mléko;2,9;3,9;1,9;44
Solamyl;0,4;80;0,4;322,5
srdce hovězí;16,87;0,48;6,32;122,8
srdce vepřové;16,4;0,4;4,6;112
strouhanka;11;78,1;1,4;373,4
suchar dietní;10,99;72;3,87;373,5
sumec;15,3;0;11,3;163,1
sušenky Albert;5,9;80,9;8,4;381,6
sušenky Amarant;7,1;61,6;18,1;446,2
sušenky Amarant kakaové;7,8;71,2;16,5;465,1
sušenky Amarant vanilkové;7,4;71,1;17,8;474,4
sušenky BeBe (Opavia);6,5;77,5;11,6;409,1
sušenky Bravo - průměr;5,6;54,6;33,8;522,7
sušenky Dalila;7,6;52,5;33,6;532,3
sušenky Delissa - průměr;8,2;55,9;31,6;540
sušenky Derby kakaové;6,3;63,5;23,1;448,6
sušenky DIA kokosové;7,6;58,6;22,6;464,1
sušenky DIA Párty;9,6;56;27,1;454,5
sušenky Disco - průměr;5,5;70,5;19,8;440,2
sušenky Dukla - kakaové řezy;5,3;58,4;31,8;496,4
sušenky Falco desert ořech;5;60;20;440,2
sušenky Fidela;8,4;56,9;28,2;503,6
sušenky Fidorky;2,6;64,6;24;491,9
sušenky Florenta;8,5;56,7;29,6;504,8
sušenky Floriana;6,2;72,4;17,5;436,6
sušenky Horalky - průměr;8,9;54,5;31,6;513,2
sušenky kakaové věnečky;6,9;59,6;25,5;459,3
sušenky KOKA kokosové;6,4;61,5;23,9;439
sušenky Kolonáda - oříško-čokoládové;7,7;57;29,9;504,8
sušenky Kolonáda - trojhránky kakaové;4,9;58,1;31,8;516,7
sušenky Lázeňské oplatky;5,3;72,3;11,1;403,6
sušenky Lucie kakaové;6,7;62,8;25,4;451
sušenky Lucie Via Dia;8,8;47,2;35,4;501,2
sušenky máslové - CLUB;8,11;70,4;16,2;458,4
sušenky máslové (CLUB);8,11;70,4;16,2;458,4
sušenky Miňonky kakaové;8,1;53,4;31,3;515,6
sušenky polomáčené;6,7;66,2;21,6;464,1
sušenky s kakaovou náplní - Romanca;5,15;65,11;23,56;458,4
sušenky slané;8;47;38;554,3
sušenky věnečky arašídové;9;65,5;21,2;478,7
sušenky Zlaté - lískový ořech;5,7;58,6;28,6;496,4
sušenky žloutkové obalované;8,5;24;20,4;495,4
sušnky Zlaté - vanilkové;6,6;59,4;27;492,8
sýr Balkánský;11,3;1;20,4;233,5
sýr Brynza (40% t. v s.);20,5;2,5;22,6;295,3
sýr Brynza (50% t. v s.);19,1;1,6;23,8;297,8
sýr Camembert (30%  t. v s.);22,8;0;12,8;216,3
sýr Camembert (45%  t. v s.);21;0;21,8;285,2
sýr cottage (1% tuku);12,39;2,72;1,02;72,4
sýr cottage (2% tuku);13,74;3,63;1,93;89,7
sýr čedar;24,9;1,28;33,14;403
sýr čedar - tavený;16,69;3,09;22,81;284
sýr dezertní 20%;24,3;2,2;8;182
sýr dezertní 40%;18,3;2,1;17,2;236
sýr eidam 20% t. v s.;30;3;10;215,3
sýr eidam cihla - výběr 60%;18,8;1;36;403
sýr eidam cihla 30%;30,3;1,4;15,15;263
sýr eidam cihla 40%;28,5;1;22,4;320
sýr eidam cihla 45%;26;1;26,1;343
sýr eidam salámový 40%;28;1;22;314
sýr eidam uzený 45%;26;1;26,1;343
sýr ementál (Primátor);28,02;2,31;29,34;387
sýr ementál 45% t. v s.;28,9;0;30;387,3
sýr Geramont;16,5;2;31,5;363,6
sýr Gervais;6,3;4,8;21;232
sýr Gouda;24,94;2,22;27,44;356,3
sýr Gouda 30%;28,6;1,95;15,15;258
sýr Gouda 45%;26;1;26,1;343
sýr Hermelín (Camember, Encián);20,76;1,57;22,84;298
sýr játrový;13,86;1,25;31,25;359
sýr jihočeský 40%;22;1,8;18;258
sýr kapiový 50% t. v s.;9;2;14;170,3
sýr kozí čerstvý;4,7;1,5;6,1;79
sýr krémový;12,4;1,8;15,63;193
sýr krkonošský pivní;18,4;1,6;25;305
sýr lahůdkový tavený 70%;8;1;35;351
sýr Laktík;14,1;2,3;12,7;183,2
sýr Lučina;13,1;1,9;15,8;306,2
sýr Lučina - termizovaný;11;1;17;291
sýr Moravský blok 50%;25,2;2,3;31,5;393
sýr Moravský bochník 45%;24,8;2;26,1;342
sýr Mortadela;14,62;0,056;23,13;277
sýr mozzarella;19,24;2,22;21,6;281,4
sýr Niva (Rokfór);21,29;1,47;32,26;381,2
sýr Niva 50% - tavený;15,2;1,4;22,5;269
sýr Olomoucké tvarůžky;30,3;2;0,8;134
sýr Oštiepok;21,62;3,3;30,06;366
sýr ovčí tvrdý;27,05;0,5;32,26;400,4
sýr ovčí ve slaném nálevu;20,18;1,31;26,6;325,3
sýr Parmezán;34,87;0,068;26,33;391
sýr plátkový balený;18;4;22;286,1
sýr plátkový light;22;4;9;184,9
sýr plátkový se šunkou;13;7;30;346,9
sýr Primátor 45% t. v s.;26,5;2,2;28;368,7
sýr Přimda - jemný přírodní;21,6;1,2;26;325
sýr Romadur 20%;23,6;2,5;8;176
sýr Romadur 40%;18,1;2,4;17,2;237
sýr smetanový 65%;12,1;0,103;26;286
sýr smetanový KIRI;9;2;33;336,8
sýr smetanový tavený 45%;15,9;1,2;18,39;231
sýr sójový TOFU;7,8;2,2;4,2;79
sýr Šumavský blok 45%;25,2;1;26,1;336
sýr tavený 30%-40% t. v s. - průměr;19,6;0,8;11,4;187,1
sýr tavený 40%-50% t. v s. - průměr;15,9;1,2;18;231,3
sýr tavený 50%-60% t. v s. - průměr;12,1;1;26;284,4
sýr tavený 60%-70% t. v s. - průměr;12,1;1;35;371,3
sýr tavený FIT;17;0;7;131,3
sýr tavený lipno s lososem - light (30% t. v s.);20;1;9,9;186,6
sýr tavený smetanový;9;2;33;336,8
sýr tavený šunkový;17,4;0,9;25,9;300,2
sýr Tylžský;27,7;1,54;26,22;302
šáteček s makovou náplní;8,49;55,33;13,67;377,9
šáteček s marmeládou;5,62;64,29;7,31;346,2
škeble;10,5;0;1,3;54,1
škrob kukuřičný;0,31;87,27;0,09;359,3
škrob rýžový;0,62;85,07;0,1;349,7
škvarky vepřové;15,5;0;75;742,1
šlehačka pařížská;2,75;12,24;32,55;352,21
šnek;16;0;1;73
špagety celozrnné suché;14,63;75,03;1,4;348
špagety celozrnné vařené;5,32;26,54;0,54;124
špagety suché;12,77;74,68;1,58;371
špagety vařené;4,77;28,34;0,67;141
špagety, makarony;12,5;75;1,2;354
špagety, makarony - vařené;4,2;26;0,5;126
špagety, makarony celozrnné;11;75,4;1,5;330,6
špenát;3,2;4,1;0,6;32,8
špenátový protlak;2;6,1;0,1;32,3
šproty v oleji;15,07;0,5;31,59;375
štika mořská syrová;19,25;0;0,69;88
štika obecná;11,23;0,06;0,51;49,8
štika v rajčatové omáčce;13,82;3,6;3,9;105,1
šunka drůbeží;22,91;0,25;3,13;117
šunka drůbeží PIKNIK;25,1;0,2;1,05;110,7
šunka dušená;17,64;1,39;9,1;156,5
šunka kuřecí;17,6;0;10,5;167
šunka kuřecí (Velkopavlovická);21,35;0,2;3,64;119
šunka kuřecí prsní;14;1,5;4;98,1
šunka Pizza;8;5;7;287,1
šunka s vyšším obsahem tuku;16,49;1,07;18,92;240,5
šunka uzená;16,36;0,1;21,47;259,01
šunka vepřová;16,14;0,78;12,47;179,7
šunkový salám;17,97;0,1;14,58;203,5
šunkový závitek v aspiku;9,05;3,04;9,12;131,8
švestky;0,71;14,65;0,25;53,97
švestky sušené;2,5;60,4;0,7;230,4
taliáni;20,9;0,1;32;371,9
tatranky;8,95;54,8;31,4;541
Tequila (38%);0;0;0;210,3
termix - průměr;11,5;15,7;11,3;203,3
termix banánový;11,08;17,15;12,16;221,4
těsto listové;5,73;36,07;28,71;423
těstoviny amarantové;11,4;74,3;0,9;332,8
těstoviny bezlepkové kukuřičné;7,5;84;2;394,7
těstoviny čtyřvaječné;11,13;72,58;2,84;367
těstoviny diabetické;30,4;55,3;1,36;359
těstoviny grahamové;13,26;68,05;3,72;393,5
těstoviny konzumní;10,9;73,3;10,9;364
těstoviny nevaječné;9,82;75,2;1,21;357,8
těstoviny pětivaječné;11,6;71,6;3,34;370
těstoviny sedmivaječné;12,3;70,2;4,13;374
těstoviny vařené (průměr);3,55;23,74;2,52;131,3
tlačenka drůbeží;18,49;0,13;11,94;177
tlačenka masová světlá;14,15;0,7;27,87;301
tlačenka tmavá lidová;14,88;0,1;28,03;317
tofu;11;1,5;3;54,5
topinambury;1,63;31,32;0,6;61
treska - filé;17,69;0,1;0,43;75,9
treska mražená;11,22;0,07;0,4;46,2
treska syrová;18,91;0;0,72;87
treska uzená;25,2;0;0,94;116
třešně;0,92;14,38;0,51;59,7
tuk Ceresoft;0;2;92,2;830,9
tuk Dukát jedlý;0,48;0,15;81,06;748,5
tuk Hera jedlý;0,2;0,32;80,13;754
tuk Juno jedlý;0,15;0,15;80,46;761
tuk Perla jedlý;0,08;0,13;84;825
tuk Perla pro teplou kuchyni;0,1;0,3;69;614,8
tuk Planta;0;0;100;904,3
tuk Stella;0,05;0,3;80;716,8
tuk Visa;3;4;78,3;704,8
tuk ztužený (100%);0;0;97,7;863,6
tuňák konzervovaný v oleji;26,52;0;8,08;186
tuňák konzervovaný ve vodě;23,62;0;2,96;128
tuňák light konzervovaný v oleji;29,13;0;8,21;198
tuňák light konzervovaný ve vodě;25,51;0;0,82;116
tuňák obecný;23,85;0,1;8,36;232
tuňák v oleji;25,51;0,3;19,44;278,2
tuňák v oleji a vlastní šťávě;19,9;0,1;11,6;184
tuřín;1,12;7,35;0,19;34
tvaroh jemný;17,5;4,2;2,5;109,1
tvaroh konzumní;17,59;3,88;4,53;131,1
tvaroh měkký nízkotučný;18,75;4,4;0,35;96
tvaroh ovocný (PM);10;12;0,3;92,1
tvaroh ovocný Prince;5,9;17,1;5;137,6
tvaroh speciál;13,7;3,2;12;175,6
tvaroh tučný;12,31;3,3;13,53;184
tvaroh tvrdý;28,6;6,2;0,9;153,1
tvaroh Vitalinea Danone;13,5;3,8;0,3;74,9
tvaroh Vitalinea ovocný;6,5;10;0,1;59,3
tvarohová rozhuda;10,7;3,8;0,8;66,3
tyčinka BeSlim průměr;10;59;15;399
tyčinka Café crip cappucino;11,3;68,7;11,7;412,9
tyčinka DELI s oříšky;4,4;68,4;20,7;452,1
tyčinka FIT GO - průměr;3,48;71,74;12,17;416
tyčinka Flint - kokos, likér;7;70;18;459,3
tyčinka FLY MISS - ořech, karamel;11,6;47,8;19,6;415,1
tyčinka Granko;6,2;54,2;33,2;544,3
tyčinka müsli - průměr;6,8;62,8;18,4;409,1
tyčinka Müsli Pro Diet;9,4;54,7;16;400,2
tyčinka Twiggy - průměr;9,5;49,2;21,9;438,8
tyčinka Twix;5,6;63,2;24,5;481,6
tykev;1,15;60,5;0,21;28,1
tykev - semena;18,13;13,17;34,04;432,8
tykev špagetová;0,6;8,3;0,1;26,6
úhoř říční;9,92;0,07;15,35;178,1
úhoř uzený;18,74;0,87;26,98;321,2
ústřice;9;4,8;1,2;66
uzenáč;15,8;0,2;5,9;117,7
vaječná hmota sušená;46,53;2,19;44,13;587
vaječné věnečky obalované;8,49;64,87;20,67;485
vaječný bílek slepičí;11,28;0,81;0,3;49
vaječný bílek slepičí sušený;81,95;5,6;1,4;353
vaječný žloutek pasterizovaný mražený;14,9;0;27,6;313
vaječný žloutek slepičí;16,3;0,69;32,09;359
vaječný žloutek sušený;31,7;2,1;59,3;666
vánočka máslová;7,2;60,8;10,1;368
vánočka tuková;7,3;60,9;8,6;349,3
vejce husí celé (čerstvé, syrové);13,87;1,35;13,27;185
vejce kachní celé (čerstvé, syrové);12,81;1,45;13,77;185
vejce krůtí celé;13,68;1,15;11,88;171
vejce slepičí;12,28;0,66;11,72;160
vejce slepičí - bílek syrový;10,52;1,03;0;50
vejce slepičí - sušený bílek;81,1;7,8;0;382
vejce slepičí (sušené celé);46;3;42;587,6
vejce slepičí (sušený bílek);84,1;6,2;0;384
vejce slepičí (sušený žloutek);30,5;1,3;60;679,4
vejce slepičí syrové (celé);12,49;1,22;10,02;149
vejce slepičí syrové (pouze bílek);11;0;0;48,1
vejce slepičí syrové (pouze žloutek);16,76;1,78;30,87;358
vejce slepičí vařené (celé);12,58;1,12;10,61;155
veka;8,4;60,1;1;289
veka tuková;8,94;53,89;4,04;293
vepřová játra dušená;16,16;7,65;11,08;193,2
vepřová kýta - libové maso;20,48;0;5,41;136
víno - sherry polosuché;0,1;3,7;0;117
víno - sherry sladké;0,3;6,9;0;135,9
víno - sherry suché;0,2;1,4;0;115,1
víno - Vermut sladký;0;15,9;0;151
víno - Vermut suchý;0,1;5,5;0;117,9
víno bílé;0,1;0,1;7,5;77
víno bílé přírodní;0,1;0,1;0;54,1
víno bílé přírodní sladké;0,2;5,9;0;94,3
víno červené;0,25;2,8;0,76;77
víno ovocné - průměr;0;20;0,3;110
víno šumivé (sekt);0,19;7,9;0,91;103
víno šumivé sladké 11%;0;11;0;107,2
víno šumivé suché 11%;0;3,5;0;75,1
višně;1;12,17;0,62;54,8
višně v čokoládě;3,2;56,9;13,1;342
vločky ovesné;13;57;7;351,9
vodnice;0,9;4,7;0,3;23,4
vývar z drůbežího masa;0,35;0,34;0,37;6
vývar z masa - průměr;0,23;0,15;0,2;3,3
whisky irská 45%;0;0;0;249,3
whisky skotská 43%;0;0;0;231,1
worchester;1,3;15,8;0,3;72,4
zákusek - indián;3;71;14;428,5
zákusek - kokoska;6,12;62,25;25,4;502,9
zákusek - košíčky linecké s ovocem;2,67;38,83;11,7;263,2
zákusek - kremrole;4,2;45;22;311
zákusek - laskonka;1,67;35,33;16;294,2
zákusek - roláda s krémem;6,4;53,9;17,4;394,7
zákusek - řezy punčové;5,3;48,7;15,7;358,1
zákusek - řezy žloutkové;3,57;38,86;18,9;334,7
zákusek - šáteček s tvarohovou náplní;5,83;63,17;13,5;397,8
zákusek - špička;8,83;62,33;15;421
zákusek - věnečky vaječné;4;33,8;13,4;276,6
závin jablečný;4;55,1;28,2;476,3
závin ořechový;5,4;62,5;14,2;397,8
závin s makovou náplní;8,7;55,6;14,5;393,2
zavináče;11,55;5,67;12,17;178,9
zeleninová směs - Country;3,2;1,3;0,3;57,9
zeleninová směs - Mochovská;4,2;11,2;0,1;63,4
zeleninová směs do polévky;2;6,1;0,1;32,3
zeleninová směs jarní mražená;3,58;9,61;0,33;49,2
zeleninová směs lahůdková;2,8;10,3;0,3;52,4
zeleninová směs pod svíčkovou;1,7;11,3;0,3;66,3
zeleninová směs s kukuřicí;3,9;15,7;0,5;80,1
zeleninová směs se žampiony;2,2;11,5;0,4;58,4
zelí - sterilizované;0,75;4,02;0,2;17,09
zelí bílé;1,46;5,4;0,26;25
zelí bílé sterilizované;1,23;6,07;0,17;21,8
zelí červené;1,39;6,12;0,26;27
zelí čínské (pak-choi);1,5;2,18;0,2;13
zelí čínské (pe-tsai);1,2;3,22;0,2;16
zelí kysané;1;4;0;14,8
zmrzlina polárkový dort - průměr;3,6;20,5;8,9;197,4
žampion polní;4,73;3,44;0,3;29,23
žampiony čerstvé;3,2;4,6;0,6;35,6
žampiony sterilizované;0,8;2,7;0,4;174,6
žampiony sterilizované;2,25;3;0,5;29,4
žemle tmavá;9,18;61,7;3,87;323
žemle tuková;8,3;59,9;2,9;304